id,registration_id,term_id,course_id,section_kind,section_id,state,assigned_by,assigned_at,ended_at
1,1,1,1,LECTURE,1,ACTIVE,5,2027-09-02T09:00:00Z,
2,1,1,1,PRACTICAL,2,ACTIVE,5,2027-09-02T09:00:00Z,
3,2,1,2,LECTURE,4,ACTIVE,5,2027-09-02T09:00:00Z,
4,2,1,2,PRACTICAL,5,ACTIVE,5,2027-09-02T09:00:00Z,
5,3,1,1,LECTURE,1,ACTIVE,5,2027-09-02T09:00:00Z,
6,3,1,1,PRACTICAL,2,ACTIVE,5,2027-09-02T09:00:00Z,
7,4,1,2,LECTURE,4,ACTIVE,5,2027-09-02T09:00:00Z,
8,4,1,2,PRACTICAL,5,ACTIVE,5,2027-09-02T09:00:00Z,
9,5,1,1,LECTURE,1,ACTIVE,5,2027-09-02T09:00:00Z,
10,5,1,1,PRACTICAL,2,ACTIVE,5,2027-09-02T09:00:00Z,
11,6,1,2,LECTURE,4,ACTIVE,5,2027-09-02T09:00:00Z,
12,6,1,2,PRACTICAL,5,ACTIVE,5,2027-09-02T09:00:00Z,
13,7,1,1,LECTURE,1,ACTIVE,5,2027-09-02T09:00:00Z,
14,7,1,1,PRACTICAL,2,ACTIVE,5,2027-09-02T09:00:00Z,
15,8,1,2,LECTURE,4,ACTIVE,5,2027-09-02T09:00:00Z,
16,8,1,2,PRACTICAL,5,ACTIVE,5,2027-09-02T09:00:00Z,
17,9,1,1,LECTURE,1,ACTIVE,5,2027-09-02T09:00:00Z,
18,9,1,1,PRACTICAL,2,ACTIVE,5,2027-09-02T09:00:00Z,
19,10,1,2,LECTURE,4,ACTIVE,5,2027-09-02T09:00:00Z,
20,10,1,2,PRACTICAL,5,ACTIVE,5,2027-09-02T09:00:00Z,
21,11,1,1,LECTURE,1,ACTIVE,5,2027-09-02T09:00:00Z,
22,11,1,1,PRACTICAL,2,ACTIVE,5,2027-09-02T09:00:00Z,
23,12,1,2,LECTURE,4,ACTIVE,5,2027-09-02T09:00:00Z,
24,12,1,2,PRACTICAL,5,ACTIVE,5,2027-09-02T09:00:00Z,
25,13,1,1,LECTURE,1,ACTIVE,5,2027-09-02T09:00:00Z,
26,13,1,1,PRACTICAL,2,ACTIVE,5,2027-09-02T09:00:00Z,
27,14,1,2,LECTURE,4,ACTIVE,5,2027-09-02T09:00:00Z,
28,14,1,2,PRACTICAL,5,ACTIVE,5,2027-09-02T09:00:00Z,
29,15,1,1,LECTURE,1,ACTIVE,5,2027-09-02T09:00:00Z,
30,15,1,1,PRACTICAL,2,ACTIVE,5,2027-09-02T09:00:00Z,
31,16,1,2,LECTURE,4,ACTIVE,5,2027-09-02T09:00:00Z,
32,16,1,2,PRACTICAL,5,ACTIVE,5,2027-09-02T09:00:00Z,
33,17,1,1,LECTURE,1,ACTIVE,5,2027-09-02T09:00:00Z,
34,17,1,1,PRACTICAL,3,ACTIVE,5,2027-09-02T09:00:00Z,
35,18,1,2,LECTURE,4,ACTIVE,5,2027-09-02T09:00:00Z,
36,18,1,2,PRACTICAL,6,ACTIVE,5,2027-09-02T09:00:00Z,
37,19,1,1,LECTURE,1,ACTIVE,5,2027-09-02T09:00:00Z,
38,19,1,1,PRACTICAL,3,ACTIVE,5,2027-09-02T09:00:00Z,
39,20,1,2,LECTURE,4,ACTIVE,5,2027-09-02T09:00:00Z,
40,20,1,2,PRACTICAL,6,ACTIVE,5,2027-09-02T09:00:00Z,
41,21,1,1,LECTURE,1,ACTIVE,5,2027-09-02T09:00:00Z,
42,21,1,1,PRACTICAL,3,ACTIVE,5,2027-09-02T09:00:00Z,
43,22,1,2,LECTURE,4,ACTIVE,5,2027-09-02T09:00:00Z,
44,22,1,2,PRACTICAL,6,ACTIVE,5,2027-09-02T09:00:00Z,
45,23,1,1,LECTURE,1,ACTIVE,5,2027-09-02T09:00:00Z,
46,23,1,1,PRACTICAL,3,ACTIVE,5,2027-09-02T09:00:00Z,
47,24,1,2,LECTURE,4,ACTIVE,5,2027-09-02T09:00:00Z,
48,24,1,2,PRACTICAL,6,ACTIVE,5,2027-09-02T09:00:00Z,
49,25,1,1,LECTURE,1,ACTIVE,5,2027-09-02T09:00:00Z,
50,25,1,1,PRACTICAL,3,ACTIVE,5,2027-09-02T09:00:00Z,
51,26,1,2,LECTURE,4,ACTIVE,5,2027-09-02T09:00:00Z,
52,26,1,2,PRACTICAL,6,ACTIVE,5,2027-09-02T09:00:00Z,
53,27,1,1,LECTURE,1,ACTIVE,5,2027-09-02T09:00:00Z,
54,27,1,1,PRACTICAL,3,ACTIVE,5,2027-09-02T09:00:00Z,
55,28,1,2,LECTURE,4,ACTIVE,5,2027-09-02T09:00:00Z,
56,28,1,2,PRACTICAL,6,ACTIVE,5,2027-09-02T09:00:00Z,
57,29,1,1,LECTURE,1,ACTIVE,5,2027-09-02T09:00:00Z,
58,29,1,1,PRACTICAL,3,ACTIVE,5,2027-09-02T09:00:00Z,
59,30,1,2,LECTURE,4,ACTIVE,5,2027-09-02T09:00:00Z,
60,30,1,2,PRACTICAL,6,ACTIVE,5,2027-09-02T09:00:00Z,
61,31,1,1,LECTURE,1,ACTIVE,5,2027-09-02T09:00:00Z,
62,31,1,1,PRACTICAL,3,ACTIVE,5,2027-09-02T09:00:00Z,
63,32,1,2,LECTURE,4,ACTIVE,5,2027-09-02T09:00:00Z,
64,32,1,2,PRACTICAL,6,ACTIVE,5,2027-09-02T09:00:00Z,
65,33,1,3,LECTURE,7,ACTIVE,6,2027-09-02T09:00:00Z,
66,33,1,3,PRACTICAL,8,ACTIVE,6,2027-09-02T09:00:00Z,
67,34,1,4,LECTURE,10,ACTIVE,6,2027-09-02T09:00:00Z,
68,34,1,4,PRACTICAL,11,ACTIVE,6,2027-09-02T09:00:00Z,
69,35,1,3,LECTURE,7,ACTIVE,6,2027-09-02T09:00:00Z,
70,35,1,3,PRACTICAL,8,ACTIVE,6,2027-09-02T09:00:00Z,
71,36,1,4,LECTURE,10,ACTIVE,6,2027-09-02T09:00:00Z,
72,36,1,4,PRACTICAL,11,ACTIVE,6,2027-09-02T09:00:00Z,
73,37,1,3,LECTURE,7,ACTIVE,6,2027-09-02T09:00:00Z,
74,37,1,3,PRACTICAL,8,ACTIVE,6,2027-09-02T09:00:00Z,
75,38,1,4,LECTURE,10,ACTIVE,6,2027-09-02T09:00:00Z,
76,38,1,4,PRACTICAL,11,ACTIVE,6,2027-09-02T09:00:00Z,
77,39,1,3,LECTURE,7,ACTIVE,6,2027-09-02T09:00:00Z,
78,39,1,3,PRACTICAL,8,ACTIVE,6,2027-09-02T09:00:00Z,
79,40,1,4,LECTURE,10,ACTIVE,6,2027-09-02T09:00:00Z,
80,40,1,4,PRACTICAL,11,ACTIVE,6,2027-09-02T09:00:00Z,
81,41,1,3,LECTURE,7,ACTIVE,6,2027-09-02T09:00:00Z,
82,41,1,3,PRACTICAL,8,ACTIVE,6,2027-09-02T09:00:00Z,
83,42,1,4,LECTURE,10,ACTIVE,6,2027-09-02T09:00:00Z,
84,42,1,4,PRACTICAL,11,ACTIVE,6,2027-09-02T09:00:00Z,
85,43,1,3,LECTURE,7,ACTIVE,6,2027-09-02T09:00:00Z,
86,43,1,3,PRACTICAL,8,ACTIVE,6,2027-09-02T09:00:00Z,
87,44,1,4,LECTURE,10,ACTIVE,6,2027-09-02T09:00:00Z,
88,44,1,4,PRACTICAL,11,ACTIVE,6,2027-09-02T09:00:00Z,
89,45,1,3,LECTURE,7,ACTIVE,6,2027-09-02T09:00:00Z,
90,45,1,3,PRACTICAL,8,ACTIVE,6,2027-09-02T09:00:00Z,
91,46,1,4,LECTURE,10,ACTIVE,6,2027-09-02T09:00:00Z,
92,46,1,4,PRACTICAL,11,ACTIVE,6,2027-09-02T09:00:00Z,
93,47,1,3,LECTURE,7,ACTIVE,6,2027-09-02T09:00:00Z,
94,47,1,3,PRACTICAL,8,ACTIVE,6,2027-09-02T09:00:00Z,
95,48,1,4,LECTURE,10,ACTIVE,6,2027-09-02T09:00:00Z,
96,48,1,4,PRACTICAL,11,ACTIVE,6,2027-09-02T09:00:00Z,
97,49,1,3,LECTURE,7,ACTIVE,6,2027-09-02T09:00:00Z,
98,49,1,3,PRACTICAL,9,ACTIVE,6,2027-09-02T09:00:00Z,
99,50,1,4,LECTURE,10,ACTIVE,6,2027-09-02T09:00:00Z,
100,50,1,4,PRACTICAL,12,ACTIVE,6,2027-09-02T09:00:00Z,
101,51,1,3,LECTURE,7,ACTIVE,6,2027-09-02T09:00:00Z,
102,51,1,3,PRACTICAL,9,ACTIVE,6,2027-09-02T09:00:00Z,
103,52,1,4,LECTURE,10,ACTIVE,6,2027-09-02T09:00:00Z,
104,52,1,4,PRACTICAL,12,ACTIVE,6,2027-09-02T09:00:00Z,
105,53,1,3,LECTURE,7,ACTIVE,6,2027-09-02T09:00:00Z,
106,53,1,3,PRACTICAL,9,ACTIVE,6,2027-09-02T09:00:00Z,
107,54,1,4,LECTURE,10,ACTIVE,6,2027-09-02T09:00:00Z,
108,54,1,4,PRACTICAL,12,ACTIVE,6,2027-09-02T09:00:00Z,
109,55,1,3,LECTURE,7,ACTIVE,6,2027-09-02T09:00:00Z,
110,55,1,3,PRACTICAL,9,ACTIVE,6,2027-09-02T09:00:00Z,
111,56,1,4,LECTURE,10,ACTIVE,6,2027-09-02T09:00:00Z,
112,56,1,4,PRACTICAL,12,ACTIVE,6,2027-09-02T09:00:00Z,
113,57,1,3,LECTURE,7,ACTIVE,6,2027-09-02T09:00:00Z,
114,57,1,3,PRACTICAL,9,ACTIVE,6,2027-09-02T09:00:00Z,
115,58,1,4,LECTURE,10,ACTIVE,6,2027-09-02T09:00:00Z,
116,58,1,4,PRACTICAL,12,ACTIVE,6,2027-09-02T09:00:00Z,
117,59,1,3,LECTURE,7,ACTIVE,6,2027-09-02T09:00:00Z,
118,59,1,3,PRACTICAL,9,ACTIVE,6,2027-09-02T09:00:00Z,
119,60,1,4,LECTURE,10,ACTIVE,6,2027-09-02T09:00:00Z,
120,60,1,4,PRACTICAL,12,ACTIVE,6,2027-09-02T09:00:00Z,
121,61,1,3,LECTURE,7,ACTIVE,6,2027-09-02T09:00:00Z,
122,61,1,3,PRACTICAL,9,ACTIVE,6,2027-09-02T09:00:00Z,
123,62,1,4,LECTURE,10,ACTIVE,6,2027-09-02T09:00:00Z,
124,62,1,4,PRACTICAL,12,ACTIVE,6,2027-09-02T09:00:00Z,
125,63,1,3,LECTURE,7,ACTIVE,6,2027-09-02T09:00:00Z,
126,63,1,3,PRACTICAL,9,ACTIVE,6,2027-09-02T09:00:00Z,
127,64,1,4,LECTURE,10,ACTIVE,6,2027-09-02T09:00:00Z,
128,64,1,4,PRACTICAL,12,ACTIVE,6,2027-09-02T09:00:00Z,
